{"cameraMode":{"drawMode":0,"name":"Shaded","section":"Shading Mode"},"sceneLighting":true,"audioPlay":false,"sceneViewState":{"m_AlwaysRefresh":false,"showFog":true,"showSkybox":true,"showFlares":true,"showImageEffects":true,"showParticleSystems":true,"showVisualEffectGraphs":true,"m_FxEnabled":true},"in2DMode":false,"pivot":{"x":0.15999960899353028,"y":0.2791483998298645,"z":-0.08000051975250244},"rotation":{"x":0.6908963322639465,"y":0.21110881865024568,"z":-0.2228543758392334,"w":0.6545684933662415},"size":3.7510616779327394,"orthographic":true}